{
"meta":{
"name":"usa_big_loop__add_light_1229",
"version":"",
"map_center":{ "x":588928.000000, "y":4141824.000000},
"background_png_mpp":0.125,
"xres":587392.000000,
"yres":4140800.000000
}
}
